,Unnamed: 0,chosen,chosen_derivative,unchosen,unchosen_derivative,.5*unchosen + .5*chosen,unchosen - chosen,simulation,version,run
33,33,1.8115659543876672,2.544039439589934,1.8038670501149872,2.553811655837184,1.150897692932088,1.0006472906826198,34,1,1
209,209,1.3859843236061795,2.2699730526167468,1.3930826525288091,2.268177309319145,1.0471290849829376,1.0010893079165792,10,1,2
80,80,1.7094886255246091,3.0469308081610564,1.6996175565615577,3.0574947612897274,1.0406090611942562,1.000599722325315,31,2,1
270,270,1.6860332957801447,2.631247153360354,1.6810048723053246,2.637326263664487,1.0464987486871888,1.000894000811474,21,2,2
142,142,1.785249062064813,2.3913051892457435,1.7843854917959534,2.4029426237092584,1.0269395358271316,1.0010997568242728,43,3,1
300,300,1.6455938829690695,2.7019552903370427,1.6264124010062735,2.7161612901615,1.0507335926072272,1.0019653206793833,1,3,2
193,193,1.6023083259906972,2.5575319083314376,1.6037345984808662,2.5424244903088256,1.042261228735748,1.0006245354056635,44,4,1
387,387,1.9281995086062689,3.327767582918095,1.941624997347404,3.309499915369171,1.0480301842207458,1.000798218430646,38,4,2
