,Unnamed: 0,original,original_derivative,scramble,scramble_derivative,.5*scramble + .5*original,scramble - original,simulation,version,run
27,27,3.463763269,3.971526672,3.466555787,3.980598079,1.053850128,1.001030407,28,1,1
74,224,3.529614536,3.551326036,3.524052669,3.565252234,1.028880406,1.000490956,25,1,2
127,77,2.484507728,3.228868051,2.498371661,3.211613394,1.028206912,1.002070575,28,2,1
187,287,3.743910169,3.56122314,3.730197709,3.58830289,1.095479523,1.000535264,38,2,2
210,110,2.858285242,2.884176675,2.866222812,2.87040477,1.022104736,1.000554215,11,3,1
274,324,3.34597701,3.808446338,3.338084682,3.811750715,1.02959979,1.000339014,25,3,2
341,191,3.133338239,3.195121806,3.136400771,3.194822888,1.123598261,1.000196052,42,4,1
354,354,3.738199571,3.40978161,3.741975607,3.409315049,1.040301265,1.000391475,5,4,2
