,Unnamed: 0,feedback,feedback_derivative,outcome,outcome_derivative,.5*outcome + .5*feedback,outcome - feedback,simulation,version,run
18,18,1.0792271279385055,2.1590920373585445,1.012420945515448,2.223316625813448,1.0671828888862789,1.0849915424606364,19,1,1
86,86,1.01554362170974,2.187401147442742,1.0038053915188756,2.197476494081242,1.0458374723643384,1.0046012642642204,7,1,2
22,22,1.1322520306162098,2.250672465356572,1.034105210398468,2.337841208004602,1.0569488636362092,1.1325621950996083,3,2,1
108,108,1.0874106123468126,2.4333784313256097,1.0121695927829324,2.499003098583922,1.04028488301441,1.0689064440592484,9,2,2
59,59,1.0512036370367088,2.297845738807379,1.0137934265364017,2.3376530124359984,1.0128255227312215,1.042482118117006,20,3,1
135,135,1.0413298007001524,2.1358623419155416,1.003715281298766,2.1705543367596274,1.034686693429847,1.050063985827023,16,3,2
66,66,1.0329972851197322,2.0319750913559247,1.0028889211712886,2.0595795365989824,1.0358415700116756,1.0135466784842109,7,4,1
144,144,1.0458723032208732,1.7700788036445134,1.006000079931096,1.8061763523648893,1.0473324150812215,1.0330592904238785,5,4,2
