,Unnamed: 0,original,original_derivative,scramble,scramble_derivative,.5*original + .5*scramble,original - scramble,simulation,version,run
2,2,2.1527537615921486,2.6844655589094333,2.16128047167274,2.6740531129885645,1.0299262093249095,1.0009410745521217,3,1,1
167,167,3.6884745723809886,3.576678552031278,3.669138924995988,3.593906820027655,1.0530647808208349,1.0018395513116245,8,1,2
48,48,3.0345250942402675,3.4048085609358014,3.033356743049521,3.40185782571842,1.0444106979060614,1.0002179210648563,9,2,1
205,205,4.184814684860247,3.5784699845812744,4.176258366758974,3.606931932931572,1.0374728999995932,1.0003946952628733,6,2,2
119,119,4.33894994651746,3.562703156642314,4.337480646986616,3.5519959061496467,1.0490289382099882,1.001427556212521,40,3,1
279,279,3.660630641120356,3.321737722034492,3.671664333378992,3.3263005726248487,1.0466508285530085,1.00149491407941,40,3,2
148,148,2.85398971219633,3.500210337149376,2.8690616525680883,3.471617321073633,1.0337320188552594,1.0009096144962593,29,4,1
280,280,4.45788373681874,3.7831450302541616,4.455968331350987,3.804614525691867,1.0716893789717614,1.0010415188265789,1,4,2
